,Country,Year,birth%,Count
0,Australia,1971,9.3,34
1,Australia,1974,9.5,34
2,Australia,1976,10.1,34
3,Australia,1979,11.7,34
4,Australia,1980,12.4,34
5,Australia,1981,13.2,34
6,Australia,1983,14.7,34
7,Australia,1984,14.8,34
8,Australia,1989,20.2,34
9,Australia,1990,21.9,34
10,Australia,1991,23.0,34
11,Australia,1992,24.0,34
12,Australia,1993,24.9,34
13,Australia,1994,25.6,34
14,Australia,1995,26.6,34
15,Australia,1996,27.4,34
16,Australia,1997,28.1,34
17,Australia,1998,28.7,34
18,Australia,1999,29.2,34
19,Australia,2000,29.3,34
20,Australia,2001,30.7,34
21,Australia,2002,31.3,34
22,Australia,2003,31.6,34
23,Australia,2004,32.2,34
24,Australia,2005,32.2,34
25,Australia,2006,32.7,34
26,Australia,2007,33.3,34
27,Australia,2008,34.3,34
28,Australia,2009,34.5,34
29,Australia,2010,33.8,34
30,Australia,2011,34.2,34
31,Australia,2012,34.5,34
32,Australia,2013,34.4,34
33,Australia,2014,34.4,34
34,Austria,1960,13.0,53
35,Austria,1961,12.6,53
36,Austria,1962,12.0,53
37,Austria,1963,11.6,53
38,Austria,1964,11.3,53
39,Austria,1965,11.2,53
40,Austria,1966,11.4,53
41,Austria,1967,11.5,53
42,Austria,1968,12.0,53
43,Austria,1969,12.2,53
44,Austria,1970,12.8,53
45,Austria,1971,13.0,53
46,Austria,1972,13.7,53
47,Austria,1973,13.7,53
48,Austria,1974,13.8,53
49,Austria,1975,13.5,53
50,Austria,1976,13.8,53
51,Austria,1977,14.2,53
52,Austria,1978,14.8,53
53,Austria,1979,16.5,53
54,Austria,1980,17.8,53
55,Austria,1981,19.5,53
56,Austria,1982,21.6,53
57,Austria,1983,22.4,53
58,Austria,1984,21.5,53
59,Austria,1985,22.4,53
60,Austria,1986,23.3,53
61,Austria,1987,23.4,53
62,Austria,1988,21.0,53
63,Austria,1989,22.6,53
64,Austria,1990,23.6,53
65,Austria,1991,24.8,53
66,Austria,1992,25.2,53
67,Austria,1993,26.3,53
68,Austria,1994,26.8,53
69,Austria,1995,27.4,53
70,Austria,1996,28.0,53
71,Austria,1997,28.8,53
72,Austria,1998,29.5,53
73,Austria,1999,30.5,53
74,Austria,2000,31.3,53
75,Austria,2001,33.1,53
76,Austria,2002,33.8,53
77,Austria,2003,35.3,53
78,Austria,2004,35.9,53
79,Austria,2005,36.5,53
80,Austria,2006,37.2,53
81,Austria,2007,38.3,53
82,Austria,2008,38.8,53
83,Austria,2009,39.3,53
84,Austria,2010,40.1,53
85,Austria,2011,40.4,53
86,Austria,2012,41.5,53
87,Belgium,1960,2.1,53
88,Belgium,1961,2.0,53
89,Belgium,1962,2.1,53
90,Belgium,1963,2.2,53
91,Belgium,1964,2.3,53
92,Belgium,1965,2.4,53
93,Belgium,1966,2.5,53
94,Belgium,1967,2.5,53
95,Belgium,1968,2.7,53
96,Belgium,1969,2.7,53
97,Belgium,1970,2.8,53
98,Belgium,1971,3.0,53
99,Belgium,1972,3.0,53
100,Belgium,1973,3.0,53
101,Belgium,1974,3.1,53
102,Belgium,1975,3.1,53
103,Belgium,1976,3.1,53
104,Belgium,1977,3.1,53
105,Belgium,1978,3.4,53
106,Belgium,1979,3.8,53
107,Belgium,1980,4.1,53
108,Belgium,1981,4.5,53
109,Belgium,1982,5.2,53
110,Belgium,1983,5.7,53
111,Belgium,1984,6.3,53
112,Belgium,1985,7.1,53
113,Belgium,1986,7.8,53
114,Belgium,1987,9.1,53
115,Belgium,1988,10.7,53
116,Belgium,1989,11.3,53
117,Belgium,1990,11.6,53
118,Belgium,1991,12.6,53
119,Belgium,1992,13.6,53
120,Belgium,1993,14.5,53
121,Belgium,1994,15.8,53
122,Belgium,1995,17.3,53
123,Belgium,1996,19.1,53
124,Belgium,1997,21.0,53
125,Belgium,1998,23.2,53
126,Belgium,1999,25.5,53
127,Belgium,2000,28.0,53
128,Belgium,2001,30.2,53
129,Belgium,2002,32.5,53
130,Belgium,2003,34.7,53
131,Belgium,2004,36.9,53
132,Belgium,2005,39.4,53
133,Belgium,2006,40.9,53
134,Belgium,2007,43.2,53
135,Belgium,2008,44.6,53
136,Belgium,2009,45.5,53
137,Belgium,2010,45.7,53
138,Belgium,2011,50.0,53
139,Belgium,2012,52.3,53
140,Bulgaria,1960,8.0,55
141,Bulgaria,1961,8.0,55
142,Bulgaria,1962,8.1,55
143,Bulgaria,1963,8.4,55
144,Bulgaria,1964,8.8,55
145,Bulgaria,1965,9.4,55
146,Bulgaria,1966,9.6,55
147,Bulgaria,1967,9.7,55
148,Bulgaria,1968,9.6,55
149,Bulgaria,1969,9.2,55
150,Bulgaria,1970,8.5,55
151,Bulgaria,1971,9.6,55
152,Bulgaria,1972,9.9,55
153,Bulgaria,1973,10.7,55
154,Bulgaria,1974,9.6,55
155,Bulgaria,1975,9.3,55
156,Bulgaria,1976,9.5,55
157,Bulgaria,1977,9.8,55
158,Bulgaria,1978,9.9,55
159,Bulgaria,1979,10.6,55
160,Bulgaria,1980,10.9,55
161,Bulgaria,1981,10.3,55
162,Bulgaria,1982,11.4,55
163,Bulgaria,1983,11.3,55
164,Bulgaria,1984,11.4,55
165,Bulgaria,1985,11.7,55
166,Bulgaria,1986,10.9,55
167,Bulgaria,1987,10.8,55
168,Bulgaria,1988,11.0,55
169,Bulgaria,1989,11.4,55
170,Bulgaria,1990,12.4,55
171,Bulgaria,1991,15.5,55
172,Bulgaria,1992,18.5,55
173,Bulgaria,1993,22.1,55
174,Bulgaria,1994,24.5,55
175,Bulgaria,1995,25.7,55
176,Bulgaria,1996,28.1,55
177,Bulgaria,1997,30.0,55
178,Bulgaria,1998,31.5,55
179,Bulgaria,1999,35.1,55
180,Bulgaria,2000,38.4,55
181,Bulgaria,2001,42.0,55
182,Bulgaria,2002,42.8,55
183,Bulgaria,2003,46.1,55
184,Bulgaria,2004,48.7,55
185,Bulgaria,2005,49.0,55
186,Bulgaria,2006,50.8,55
187,Bulgaria,2007,50.2,55
188,Bulgaria,2008,51.1,55
189,Bulgaria,2009,53.4,55
190,Bulgaria,2010,54.1,55
191,Bulgaria,2011,56.1,55
192,Bulgaria,2012,57.4,55
193,Bulgaria,2013,59.1,55
194,Bulgaria,2014,58.8,55
195,Canada,1960,4.3,36
196,Canada,1961,4.5,36
197,Canada,1962,4.8,36
198,Canada,1963,5.3,36
199,Canada,1964,5.9,36
200,Canada,1965,6.7,36
201,Canada,1966,7.6,36
202,Canada,1967,8.3,36
203,Canada,1968,9.0,36
204,Canada,1969,9.2,36
205,Canada,1970,9.6,36
206,Canada,1971,9.0,36
207,Canada,1972,9.0,36
208,Canada,1973,9.0,36
209,Canada,1991,27.0,36
210,Canada,1992,28.2,36
211,Canada,1993,29.2,36
212,Canada,1994,29.6,36
213,Canada,1995,30.5,36
214,Canada,1996,30.9,36
215,Canada,1997,31.4,36
216,Canada,1998,31.3,36
217,Canada,1999,31.2,36
218,Canada,2000,31.7,36
219,Canada,2001,31.4,36
220,Canada,2002,31.6,36
221,Canada,2003,29.2,36
222,Canada,2004,28.8,36
223,Canada,2005,29.1,36
224,Canada,2006,30.6,36
225,Canada,2007,31.0,36
226,Canada,2008,32.1,36
227,Canada,2009,32.2,36
228,Canada,2010,32.3,36
229,Canada,2011,33.4,36
230,Canada,2012,33.0,36
231,Chile,2002,52.2,9
232,Chile,2006,61.2,9
233,Chile,2007,63.1,9
234,Chile,2008,65.1,9
235,Chile,2009,67.4,9
236,Chile,2010,68.5,9
237,Chile,2011,69.3,9
238,Chile,2012,70.3,9
239,Chile,2013,71.1,9
240,Costa Rica,1983,38.1,32
241,Costa Rica,1984,37.2,32
242,Costa Rica,1985,37.6,32
243,Costa Rica,1986,38.4,32
244,Costa Rica,1987,38.8,32
245,Costa Rica,1988,38.7,32
246,Costa Rica,1989,38.3,32
247,Costa Rica,1990,38.5,32
248,Costa Rica,1991,40.3,32
249,Costa Rica,1992,40.6,32
250,Costa Rica,1993,42.1,32
251,Costa Rica,1994,44.7,32
252,Costa Rica,1995,45.9,32
253,Costa Rica,1996,47.1,32
254,Costa Rica,1997,47.9,32
255,Costa Rica,1998,49.3,32
256,Costa Rica,1999,51.1,32
257,Costa Rica,2000,52.7,32
258,Costa Rica,2001,53.5,32
259,Costa Rica,2002,55.3,32
260,Costa Rica,2003,57.0,32
261,Costa Rica,2004,58.9,32
262,Costa Rica,2005,60.2,32
263,Costa Rica,2006,61.4,32
264,Costa Rica,2007,63.1,32
265,Costa Rica,2008,64.6,32
266,Costa Rica,2009,66.6,32
267,Costa Rica,2010,67.4,32
268,Costa Rica,2011,68.2,32
269,Costa Rica,2012,69.4,32
270,Costa Rica,2013,69.3,32
271,Costa Rica,2014,69.4,32
272,Croatia,1960,7.4,55
273,Croatia,1961,7.1,55
274,Croatia,1962,6.5,55
275,Croatia,1963,6.9,55
276,Croatia,1964,6.8,55
277,Croatia,1965,6.0,55
278,Croatia,1966,5.7,55
279,Croatia,1967,5.4,55
280,Croatia,1968,5.5,55
281,Croatia,1969,5.6,55
282,Croatia,1970,5.4,55
283,Croatia,1971,5.2,55
284,Croatia,1972,5.2,55
285,Croatia,1973,5.0,55
286,Croatia,1974,5.0,55
287,Croatia,1975,4.9,55
288,Croatia,1976,4.9,55
289,Croatia,1977,4.8,55
290,Croatia,1978,4.7,55
291,Croatia,1979,5.1,55
292,Croatia,1980,5.1,55
293,Croatia,1981,5.2,55
294,Croatia,1982,5.4,55
295,Croatia,1983,5.5,55
296,Croatia,1984,5.5,55
297,Croatia,1985,5.9,55
298,Croatia,1986,6.2,55
299,Croatia,1987,6.4,55
300,Croatia,1988,6.3,55
301,Croatia,1989,6.6,55
302,Croatia,1990,7.0,55
303,Croatia,1991,7.5,55
304,Croatia,1992,7.7,55
305,Croatia,1993,7.7,55
306,Croatia,1994,7.6,55
307,Croatia,1995,7.5,55
308,Croatia,1996,7.1,55
309,Croatia,1997,7.3,55
310,Croatia,1998,8.1,55
311,Croatia,1999,8.2,55
312,Croatia,2000,9.0,55
313,Croatia,2001,9.4,55
314,Croatia,2002,9.6,55
315,Croatia,2003,10.1,55
316,Croatia,2004,10.4,55
317,Croatia,2005,10.5,55
318,Croatia,2006,11.0,55
319,Croatia,2007,11.5,55
320,Croatia,2008,12.0,55
321,Croatia,2009,12.9,55
322,Croatia,2010,13.3,55
323,Croatia,2011,14.0,55
324,Croatia,2012,15.4,55
325,Croatia,2013,16.1,55
326,Croatia,2014,17.4,55
327,Cyprus,1961,0.3,52
328,Cyprus,1962,0.2,52
329,Cyprus,1963,0.1,52
330,Cyprus,1964,0.0,52
331,Cyprus,1965,0.1,52
332,Cyprus,1966,0.1,52
333,Cyprus,1967,0.2,52
334,Cyprus,1968,0.3,52
335,Cyprus,1969,0.3,52
336,Cyprus,1970,0.2,52
337,Cyprus,1971,0.4,52
338,Cyprus,1972,0.4,52
339,Cyprus,1973,0.4,52
340,Cyprus,1974,0.5,52
341,Cyprus,1975,0.7,52
342,Cyprus,1976,0.3,52
343,Cyprus,1977,0.1,52
344,Cyprus,1978,0.3,52
345,Cyprus,1979,0.4,52
346,Cyprus,1980,0.6,52
347,Cyprus,1981,0.5,52
348,Cyprus,1982,0.2,52
349,Cyprus,1983,0.3,52
350,Cyprus,1984,0.4,52
351,Cyprus,1985,0.4,52
352,Cyprus,1986,0.5,52
353,Cyprus,1987,0.6,52
354,Cyprus,1988,0.7,52
355,Cyprus,1989,0.7,52
356,Cyprus,1990,0.7,52
357,Cyprus,1991,0.8,52
358,Cyprus,1992,1.1,52
359,Cyprus,1993,0.8,52
360,Cyprus,1994,1.0,52
361,Cyprus,1995,1.4,52
362,Cyprus,1996,1.5,52
363,Cyprus,1997,1.6,52
364,Cyprus,1998,2.1,52
365,Cyprus,1999,2.2,52
366,Cyprus,2000,2.3,52
367,Cyprus,2001,2.5,52
368,Cyprus,2002,3.5,52
369,Cyprus,2003,3.5,52
370,Cyprus,2004,3.3,52
371,Cyprus,2005,4.4,52
372,Cyprus,2006,5.6,52
373,Cyprus,2007,8.7,52
374,Cyprus,2008,8.9,52
375,Cyprus,2009,11.7,52
376,Cyprus,2010,15.2,52
377,Cyprus,2011,16.9,52
378,Cyprus,2012,18.6,52
379,Czech Republic,1960,4.9,55
380,Czech Republic,1961,4.6,55
381,Czech Republic,1962,4.5,55
382,Czech Republic,1963,4.7,55
383,Czech Republic,1964,4.8,55
384,Czech Republic,1965,5.0,55
385,Czech Republic,1966,5.3,55
386,Czech Republic,1967,5.3,55
387,Czech Republic,1968,5.4,55
388,Czech Republic,1969,5.5,55
389,Czech Republic,1970,5.4,55
390,Czech Republic,1971,5.3,55
391,Czech Republic,1972,5.0,55
392,Czech Republic,1973,4.4,55
393,Czech Republic,1974,4.3,55
394,Czech Republic,1975,4.5,55
395,Czech Republic,1976,4.5,55
396,Czech Republic,1977,4.6,55
397,Czech Republic,1978,4.7,55
398,Czech Republic,1979,5.0,55
399,Czech Republic,1980,5.6,55
400,Czech Republic,1981,5.8,55
401,Czech Republic,1982,6.4,55
402,Czech Republic,1983,6.8,55
403,Czech Republic,1984,7.2,55
404,Czech Republic,1985,7.3,55
405,Czech Republic,1986,7.4,55
406,Czech Republic,1987,7.2,55
407,Czech Republic,1988,7.5,55
408,Czech Republic,1989,7.9,55
409,Czech Republic,1990,8.6,55
410,Czech Republic,1991,9.8,55
411,Czech Republic,1992,10.7,55
412,Czech Republic,1993,12.7,55
413,Czech Republic,1994,14.5,55
414,Czech Republic,1995,15.6,55
415,Czech Republic,1996,16.9,55
416,Czech Republic,1997,17.8,55
417,Czech Republic,1998,19.0,55
418,Czech Republic,1999,20.6,55
419,Czech Republic,2000,21.8,55
420,Czech Republic,2001,23.5,55
421,Czech Republic,2002,25.3,55
422,Czech Republic,2003,28.5,55
423,Czech Republic,2004,30.6,55
424,Czech Republic,2005,31.7,55
425,Czech Republic,2006,33.3,55
426,Czech Republic,2007,34.5,55
427,Czech Republic,2008,36.3,55
428,Czech Republic,2009,38.8,55
429,Czech Republic,2010,40.3,55
430,Czech Republic,2011,41.8,55
431,Czech Republic,2012,43.4,55
432,Czech Republic,2013,45.0,55
433,Czech Republic,2014,46.7,55
434,Denmark,1960,7.8,55
435,Denmark,1961,8.0,55
436,Denmark,1962,8.3,55
437,Denmark,1963,8.9,55
438,Denmark,1964,9.3,55
439,Denmark,1965,9.5,55
440,Denmark,1966,10.2,55
441,Denmark,1967,11.1,55
442,Denmark,1968,11.1,55
443,Denmark,1969,11.3,55
444,Denmark,1970,11.0,55
445,Denmark,1971,12.3,55
446,Denmark,1972,14.4,55
447,Denmark,1973,17.1,55
448,Denmark,1974,18.8,55
449,Denmark,1975,21.7,55
450,Denmark,1976,24.0,55
451,Denmark,1977,25.9,55
452,Denmark,1978,27.9,55
453,Denmark,1979,30.7,55
454,Denmark,1980,33.2,55
455,Denmark,1981,35.7,55
456,Denmark,1982,38.3,55
457,Denmark,1983,40.6,55
458,Denmark,1984,41.9,55
459,Denmark,1985,43.0,55
460,Denmark,1986,43.9,55
461,Denmark,1987,44.5,55
462,Denmark,1988,44.7,55
463,Denmark,1989,46.1,55
464,Denmark,1990,46.4,55
465,Denmark,1991,46.5,55
466,Denmark,1992,46.4,55
467,Denmark,1993,46.8,55
468,Denmark,1994,46.9,55
469,Denmark,1995,46.5,55
470,Denmark,1996,46.3,55
471,Denmark,1997,45.1,55
472,Denmark,1998,44.8,55
473,Denmark,1999,44.9,55
474,Denmark,2000,44.6,55
475,Denmark,2001,44.6,55
476,Denmark,2002,44.6,55
477,Denmark,2003,44.9,55
478,Denmark,2004,45.4,55
479,Denmark,2005,45.7,55
480,Denmark,2006,46.4,55
481,Denmark,2007,46.1,55
482,Denmark,2008,46.2,55
483,Denmark,2009,46.8,55
484,Denmark,2010,47.3,55
485,Denmark,2011,49.0,55
486,Denmark,2012,50.6,55
487,Denmark,2013,51.5,55
488,Denmark,2014,52.5,55
489,Estonia,1989,25.3,24
490,Estonia,1990,27.2,24
491,Estonia,1991,31.2,24
492,Estonia,1992,33.9,24
493,Estonia,1993,38.2,24
494,Estonia,1994,41.0,24
495,Estonia,1995,44.2,24
496,Estonia,1996,48.1,24
497,Estonia,1997,51.6,24
498,Estonia,1998,52.5,24
499,Estonia,1999,54.2,24
500,Estonia,2000,54.5,24
501,Estonia,2001,56.2,24
502,Estonia,2002,56.3,24
503,Estonia,2003,57.8,24
504,Estonia,2004,58.0,24
505,Estonia,2005,58.5,24
506,Estonia,2006,58.2,24
507,Estonia,2007,57.8,24
508,Estonia,2008,59.0,24
509,Estonia,2009,59.2,24
510,Estonia,2010,59.1,24
511,Estonia,2011,59.7,24
512,Estonia,2012,58.4,24
513,Finland,1960,4.0,55
514,Finland,1961,4.1,55
515,Finland,1962,4.0,55
516,Finland,1963,4.2,55
517,Finland,1964,4.4,55
518,Finland,1965,4.6,55
519,Finland,1966,4.8,55
520,Finland,1967,5.1,55
521,Finland,1968,5.3,55
522,Finland,1969,5.6,55
523,Finland,1970,5.8,55
524,Finland,1971,5.5,55
525,Finland,1972,6.7,55
526,Finland,1973,7.9,55
527,Finland,1974,9.0,55
528,Finland,1975,10.1,55
529,Finland,1976,10.9,55
530,Finland,1977,11.1,55
531,Finland,1978,11.4,55
532,Finland,1979,12.0,55
533,Finland,1980,13.1,55
534,Finland,1981,13.3,55
535,Finland,1982,13.6,55
536,Finland,1983,14.0,55
537,Finland,1984,15.1,55
538,Finland,1985,16.4,55
539,Finland,1986,18.0,55
540,Finland,1987,19.2,55
541,Finland,1988,20.6,55
542,Finland,1989,22.9,55
543,Finland,1990,25.2,55
544,Finland,1991,27.4,55
545,Finland,1992,28.9,55
546,Finland,1993,30.3,55
547,Finland,1994,31.3,55
548,Finland,1995,33.1,55
549,Finland,1996,35.4,55
550,Finland,1997,36.5,55
551,Finland,1998,37.2,55
552,Finland,1999,38.7,55
553,Finland,2000,39.2,55
554,Finland,2001,39.5,55
555,Finland,2002,39.9,55
556,Finland,2003,40.0,55
557,Finland,2004,40.8,55
558,Finland,2005,40.4,55
559,Finland,2006,40.5,55
560,Finland,2007,40.6,55
561,Finland,2008,40.7,55
562,Finland,2009,40.9,55
563,Finland,2010,41.1,55
564,Finland,2011,40.9,55
565,Finland,2012,41.5,55
566,Finland,2013,42.1,55
567,Finland,2014,42.8,55
568,France,1998,41.7,15
569,France,1999,42.7,15
570,France,2000,43.6,15
571,France,2001,44.7,15
572,France,2002,45.2,15
573,France,2003,46.2,15
574,France,2004,47.4,15
575,France,2005,48.4,15
576,France,2006,50.5,15
577,France,2007,51.7,15
578,France,2008,52.6,15
579,France,2009,53.7,15
580,France,2010,55.0,15
581,France,2011,55.8,15
582,France,2012,56.7,15
583,Germany,1960,7.6,55
584,Germany,1961,7.1,55
585,Germany,1962,6.6,55
586,Germany,1963,6.1,55
587,Germany,1964,5.9,55
588,Germany,1965,5.8,55
589,Germany,1966,5.7,55
590,Germany,1967,5.8,55
591,Germany,1968,6.1,55
592,Germany,1969,6.6,55
593,Germany,1970,7.2,55
594,Germany,1971,8.0,55
595,Germany,1972,8.3,55
596,Germany,1973,8.3,55
597,Germany,1974,8.5,55
598,Germany,1975,8.5,55
599,Germany,1976,8.8,55
600,Germany,1977,9.0,55
601,Germany,1978,9.9,55
602,Germany,1979,10.7,55
603,Germany,1980,11.9,55
604,Germany,1981,12.8,55
605,Germany,1982,14.3,55
606,Germany,1983,15.4,55
607,Germany,1984,15.9,55
608,Germany,1985,16.2,55
609,Germany,1986,16.1,55
610,Germany,1987,15.7,55
611,Germany,1988,15.7,55
612,Germany,1989,15.5,55
613,Germany,1990,15.3,55
614,Germany,1991,15.1,55
615,Germany,1992,14.9,55
616,Germany,1993,14.8,55
617,Germany,1994,15.4,55
618,Germany,1995,16.1,55
619,Germany,1996,17.0,55
620,Germany,1997,18.0,55
621,Germany,1998,20.0,55
622,Germany,1999,22.1,55
623,Germany,2000,23.4,55
624,Germany,2001,25.0,55
625,Germany,2002,26.1,55
626,Germany,2003,27.0,55
627,Germany,2004,27.9,55
628,Germany,2005,29.2,55
629,Germany,2006,30.0,55
630,Germany,2007,30.8,55
631,Germany,2008,32.1,55
632,Germany,2009,32.7,55
633,Germany,2010,33.3,55
634,Germany,2011,33.9,55
635,Germany,2012,34.5,55
636,Germany,2013,34.8,55
637,Germany,2014,35.0,55
638,Greece,1960,1.2,55
639,Greece,1961,1.2,55
640,Greece,1962,1.2,55
641,Greece,1963,1.2,55
642,Greece,1964,1.1,55
643,Greece,1965,1.1,55
644,Greece,1966,1.0,55
645,Greece,1967,1.0,55
646,Greece,1968,1.1,55
647,Greece,1969,1.1,55
648,Greece,1970,1.1,55
649,Greece,1971,1.2,55
650,Greece,1972,1.2,55
651,Greece,1973,1.3,55
652,Greece,1974,1.2,55
653,Greece,1975,1.3,55
654,Greece,1976,1.3,55
655,Greece,1977,1.3,55
656,Greece,1978,1.4,55
657,Greece,1979,1.4,55
658,Greece,1980,1.5,55
659,Greece,1981,1.6,55
660,Greece,1982,1.5,55
661,Greece,1983,1.6,55
662,Greece,1984,1.7,55
663,Greece,1985,1.8,55
664,Greece,1986,1.8,55
665,Greece,1987,2.1,55
666,Greece,1988,2.1,55
667,Greece,1989,2.1,55
668,Greece,1990,2.2,55
669,Greece,1991,2.4,55
670,Greece,1992,2.6,55
671,Greece,1993,2.8,55
672,Greece,1994,2.9,55
673,Greece,1995,3.0,55
674,Greece,1996,3.3,55
675,Greece,1997,3.5,55
676,Greece,1998,3.8,55
677,Greece,1999,3.9,55
678,Greece,2000,4.0,55
679,Greece,2001,4.3,55
680,Greece,2002,4.4,55
681,Greece,2003,4.8,55
682,Greece,2004,5.1,55
683,Greece,2005,5.1,55
684,Greece,2006,5.3,55
685,Greece,2007,5.8,55
686,Greece,2008,5.9,55
687,Greece,2009,6.6,55
688,Greece,2010,7.3,55
689,Greece,2011,7.4,55
690,Greece,2012,7.6,55
691,Greece,2013,7.0,55
692,Greece,2014,8.2,55
693,Hungary,1960,5.5,55
694,Hungary,1961,5.5,55
695,Hungary,1962,5.4,55
696,Hungary,1963,5.3,55
697,Hungary,1964,5.2,55
698,Hungary,1965,5.2,55
699,Hungary,1966,5.1,55
700,Hungary,1967,5.0,55
701,Hungary,1968,5.0,55
702,Hungary,1969,5.2,55
703,Hungary,1970,5.4,55
704,Hungary,1971,5.8,55
705,Hungary,1972,6.0,55
706,Hungary,1973,5.9,55
707,Hungary,1974,5.7,55
708,Hungary,1975,5.6,55
709,Hungary,1976,5.7,55
710,Hungary,1977,5.9,55
711,Hungary,1978,6.3,55
712,Hungary,1979,6.6,55
713,Hungary,1980,7.1,55
714,Hungary,1981,7.4,55
715,Hungary,1982,7.7,55
716,Hungary,1983,8.3,55
717,Hungary,1984,8.8,55
718,Hungary,1985,9.2,55
719,Hungary,1986,9.5,55
720,Hungary,1987,10.4,55
721,Hungary,1988,11.9,55
722,Hungary,1989,12.4,55
723,Hungary,1990,13.1,55
724,Hungary,1991,14.1,55
725,Hungary,1992,15.6,55
726,Hungary,1993,17.6,55
727,Hungary,1994,19.4,55
728,Hungary,1995,20.7,55
729,Hungary,1996,22.6,55
730,Hungary,1997,25.0,55
731,Hungary,1998,26.6,55
732,Hungary,1999,28.0,55
733,Hungary,2000,29.0,55
734,Hungary,2001,30.3,55
735,Hungary,2002,31.4,55
736,Hungary,2003,32.3,55
737,Hungary,2004,34.0,55
738,Hungary,2005,35.0,55
739,Hungary,2006,35.6,55
740,Hungary,2007,37.5,55
741,Hungary,2008,39.5,55
742,Hungary,2009,40.8,55
743,Hungary,2010,40.8,55
744,Hungary,2011,42.3,55
745,Hungary,2012,44.5,55
746,Hungary,2013,45.6,55
747,Hungary,2014,47.3,55
748,Iceland,1960,25.3,53
749,Iceland,1961,25.3,53
750,Iceland,1962,24.5,53
751,Iceland,1963,25.1,53
752,Iceland,1964,26.7,53
753,Iceland,1965,26.9,53
754,Iceland,1966,28.4,53
755,Iceland,1967,30.0,53
756,Iceland,1968,30.5,53
757,Iceland,1969,29.6,53
758,Iceland,1970,29.9,53
759,Iceland,1971,31.1,53
760,Iceland,1972,32.3,53
761,Iceland,1973,33.9,53
762,Iceland,1974,33.7,53
763,Iceland,1975,33.0,53
764,Iceland,1976,34.2,53
765,Iceland,1977,36.0,53
766,Iceland,1978,36.7,53
767,Iceland,1979,36.6,53
768,Iceland,1980,39.7,53
769,Iceland,1981,41.2,53
770,Iceland,1982,44.6,53
771,Iceland,1983,45.0,53
772,Iceland,1984,47.1,53
773,Iceland,1985,48.0,53
774,Iceland,1986,50.8,53
775,Iceland,1987,50.1,53
776,Iceland,1988,52.0,53
777,Iceland,1989,52.9,53
778,Iceland,1990,55.2,53
779,Iceland,1991,56.4,53
780,Iceland,1992,57.3,53
781,Iceland,1993,58.3,53
782,Iceland,1994,59.6,53
783,Iceland,1995,60.9,53
784,Iceland,1996,60.7,53
785,Iceland,1997,65.2,53
786,Iceland,1998,64.0,53
787,Iceland,1999,62.4,53
788,Iceland,2000,65.2,53
789,Iceland,2001,63.0,53
790,Iceland,2002,62.3,53
791,Iceland,2003,63.6,53
792,Iceland,2004,63.7,53
793,Iceland,2005,65.7,53
794,Iceland,2006,65.6,53
795,Iceland,2007,63.8,53
796,Iceland,2008,64.1,53
797,Iceland,2009,64.4,53
798,Iceland,2010,64.3,53
799,Iceland,2011,65.0,53
800,Iceland,2012,66.9,53
801,Ireland,1960,1.6,53
802,Ireland,1961,1.6,53
803,Ireland,1962,1.8,53
804,Ireland,1963,1.8,53
805,Ireland,1964,2.0,53
806,Ireland,1965,2.2,53
807,Ireland,1966,2.3,53
808,Ireland,1967,2.5,53
809,Ireland,1968,2.6,53
810,Ireland,1969,2.6,53
811,Ireland,1970,2.7,53
812,Ireland,1971,2.7,53
813,Ireland,1972,2.9,53
814,Ireland,1973,3.2,53
815,Ireland,1974,3.4,53
816,Ireland,1975,3.7,53
817,Ireland,1976,3.8,53
818,Ireland,1977,4.2,53
819,Ireland,1978,4.3,53
820,Ireland,1979,4.6,53
821,Ireland,1980,5.9,53
822,Ireland,1981,6.2,53
823,Ireland,1982,7.2,53
824,Ireland,1983,7.9,53
825,Ireland,1984,8.0,53
826,Ireland,1985,8.5,53
827,Ireland,1986,9.6,53
828,Ireland,1987,10.9,53
829,Ireland,1988,11.9,53
830,Ireland,1989,12.8,53
831,Ireland,1990,14.6,53
832,Ireland,1991,16.9,53
833,Ireland,1992,18.0,53
834,Ireland,1993,19.9,53
835,Ireland,1994,20.8,53
836,Ireland,1995,22.3,53
837,Ireland,1996,25.3,53
838,Ireland,1997,26.8,53
839,Ireland,1998,28.7,53
840,Ireland,1999,31.1,53
841,Ireland,2000,31.5,53
842,Ireland,2001,31.3,53
843,Ireland,2002,31.2,53
844,Ireland,2003,31.2,53
845,Ireland,2004,31.9,53
846,Ireland,2005,31.8,53
847,Ireland,2006,32.7,53
848,Ireland,2007,33.1,53
849,Ireland,2008,33.4,53
850,Ireland,2009,33.4,53
851,Ireland,2010,33.8,53
852,Ireland,2011,33.9,53
853,Ireland,2012,35.1,53
854,Israel,2002,5.3,13
855,Israel,2003,5.8,13
856,Israel,2004,5.6,13
857,Israel,2005,5.5,13
858,Israel,2006,5.6,13
859,Israel,2007,5.6,13
860,Israel,2008,5.7,13
861,Israel,2009,5.8,13
862,Israel,2010,5.8,13
863,Israel,2011,6.0,13
864,Israel,2012,5.8,13
865,Israel,2013,6.1,13
866,Israel,2014,6.3,13
867,Italy,1960,2.4,54
868,Italy,1961,2.4,54
869,Italy,1962,2.2,54
870,Italy,1963,2.2,54
871,Italy,1964,2.0,54
872,Italy,1965,2.0,54
873,Italy,1966,2.0,54
874,Italy,1967,2.0,54
875,Italy,1968,2.0,54
876,Italy,1969,2.0,54
877,Italy,1970,2.2,54
878,Italy,1971,2.3,54
879,Italy,1972,2.5,54
880,Italy,1973,2.5,54
881,Italy,1974,2.6,54
882,Italy,1975,2.6,54
883,Italy,1976,3.1,54
884,Italy,1977,3.5,54
885,Italy,1978,3.9,54
886,Italy,1979,3.9,54
887,Italy,1980,4.3,54
888,Italy,1981,4.4,54
889,Italy,1982,4.7,54
890,Italy,1983,4.9,54
891,Italy,1984,5.1,54
892,Italy,1985,5.4,54
893,Italy,1986,5.6,54
894,Italy,1987,5.8,54
895,Italy,1988,5.8,54
896,Italy,1989,6.1,54
897,Italy,1990,6.5,54
898,Italy,1991,6.7,54
899,Italy,1992,6.7,54
900,Italy,1993,7.4,54
901,Italy,1994,7.8,54
902,Italy,1995,8.1,54
903,Italy,1996,8.3,54
904,Italy,1997,7.0,54
905,Italy,1998,8.7,54
906,Italy,1999,9.2,54
907,Italy,2000,9.7,54
908,Italy,2001,9.9,54
909,Italy,2002,10.9,54
910,Italy,2003,13.0,54
911,Italy,2005,15.2,54
912,Italy,2006,16.2,54
913,Italy,2007,17.7,54
914,Italy,2008,18.9,54
915,Italy,2009,19.8,54
916,Italy,2010,21.5,54
917,Italy,2011,23.4,54
918,Italy,2012,24.5,54
919,Italy,2013,26.9,54
920,Italy,2014,28.8,54
921,Japan,1960,1.2,23
922,Japan,1965,1.0,23
923,Japan,1970,0.9,23
924,Japan,1975,0.8,23
925,Japan,1980,0.8,23
926,Japan,1985,1.0,23
927,Japan,1990,1.1,23
928,Japan,1995,1.2,23
929,Japan,2000,1.6,23
930,Japan,2001,1.7,23
931,Japan,2002,1.9,23
932,Japan,2003,1.9,23
933,Japan,2004,2.0,23
934,Japan,2005,2.0,23
935,Japan,2006,2.1,23
936,Japan,2007,2.0,23
937,Japan,2008,2.1,23
938,Japan,2009,2.1,23
939,Japan,2010,2.1,23
940,Japan,2011,2.2,23
941,Japan,2012,2.2,23
942,Japan,2013,2.2,23
943,Japan,2014,2.3,23
944,Korea,1981,1.1,34
945,Korea,1982,1.1,34
946,Korea,1983,1.0,34
947,Korea,1984,1.0,34
948,Korea,1985,1.0,34
949,Korea,1986,1.0,34
950,Korea,1987,0.9,34
951,Korea,1988,0.8,34
952,Korea,1989,0.8,34
953,Korea,1990,0.9,34
954,Korea,1991,1.0,34
955,Korea,1992,1.1,34
956,Korea,1993,1.2,34
957,Korea,1994,1.3,34
958,Korea,1995,1.2,34
959,Korea,1996,0.9,34
960,Korea,1997,0.6,34
961,Korea,1998,0.7,34
962,Korea,1999,0.8,34
963,Korea,2000,0.9,34
964,Korea,2001,1.0,34
965,Korea,2002,1.1,34
966,Korea,2003,1.3,34
967,Korea,2004,1.3,34
968,Korea,2005,1.5,34
969,Korea,2006,1.5,34
970,Korea,2007,1.6,34
971,Korea,2008,1.8,34
972,Korea,2009,2.0,34
973,Korea,2010,2.1,34
974,Korea,2011,2.1,34
975,Korea,2012,2.1,34
976,Korea,2013,2.1,34
977,Korea,2014,1.9,34
978,Latvia,1960,11.9,55
979,Latvia,1961,12.3,55
980,Latvia,1962,12.4,55
981,Latvia,1963,12.3,55
982,Latvia,1964,12.8,55
983,Latvia,1965,13.3,55
984,Latvia,1966,12.6,55
985,Latvia,1967,12.3,55
986,Latvia,1968,12.1,55
987,Latvia,1969,8.3,55
988,Latvia,1970,11.4,55
989,Latvia,1971,11.1,55
990,Latvia,1972,11.7,55
991,Latvia,1973,11.7,55
992,Latvia,1974,11.6,55
993,Latvia,1975,11.7,55
994,Latvia,1976,12.2,55
995,Latvia,1977,12.1,55
996,Latvia,1978,12.0,55
997,Latvia,1979,12.3,55
998,Latvia,1980,12.5,55
999,Latvia,1981,12.9,55
1000,Latvia,1982,13.2,55
1001,Latvia,1983,13.5,55
1002,Latvia,1984,14.3,55
1003,Latvia,1985,14.4,55
1004,Latvia,1986,15.0,55
1005,Latvia,1987,15.5,55
1006,Latvia,1988,15.5,55
1007,Latvia,1989,15.9,55
1008,Latvia,1990,16.9,55
1009,Latvia,1991,18.4,55
1010,Latvia,1992,19.6,55
1011,Latvia,1993,23.0,55
1012,Latvia,1994,26.4,55
1013,Latvia,1995,29.9,55
1014,Latvia,1996,33.1,55
1015,Latvia,1997,34.8,55
1016,Latvia,1998,37.1,55
1017,Latvia,1999,39.1,55
1018,Latvia,2000,40.4,55
1019,Latvia,2001,42.1,55
1020,Latvia,2002,43.1,55
1021,Latvia,2003,44.3,55
1022,Latvia,2004,45.3,55
1023,Latvia,2005,44.7,55
1024,Latvia,2006,43.8,55
1025,Latvia,2007,43.2,55
1026,Latvia,2008,43.2,55
1027,Latvia,2009,43.5,55
1028,Latvia,2010,44.4,55
1029,Latvia,2011,44.6,55
1030,Latvia,2012,45.0,55
1031,Latvia,2013,44.6,55
1032,Latvia,2014,44.0,55
1033,Lithuania,1970,3.7,45
1034,Lithuania,1971,5.0,45
1035,Lithuania,1972,6.0,45
1036,Lithuania,1973,5.9,45
1037,Lithuania,1974,6.1,45
1038,Lithuania,1975,6.2,45
1039,Lithuania,1976,6.1,45
1040,Lithuania,1977,6.6,45
1041,Lithuania,1978,8.4,45
1042,Lithuania,1979,6.6,45
1043,Lithuania,1980,6.3,45
1044,Lithuania,1981,6.9,45
1045,Lithuania,1982,7.3,45
1046,Lithuania,1983,7.5,45
1047,Lithuania,1984,7.2,45
1048,Lithuania,1985,7.0,45
1049,Lithuania,1986,7.0,45
1050,Lithuania,1987,7.1,45
1051,Lithuania,1988,6.5,45
1052,Lithuania,1989,6.7,45
1053,Lithuania,1990,7.0,45
1054,Lithuania,1991,7.0,45
1055,Lithuania,1992,7.9,45
1056,Lithuania,1993,9.1,45
1057,Lithuania,1994,10.9,45
1058,Lithuania,1995,12.8,45
1059,Lithuania,1996,14.3,45
1060,Lithuania,1997,16.5,45
1061,Lithuania,1998,18.0,45
1062,Lithuania,1999,19.8,45
1063,Lithuania,2000,22.6,45
1064,Lithuania,2001,25.4,45
1065,Lithuania,2002,28.0,45
1066,Lithuania,2003,29.5,45
1067,Lithuania,2004,28.5,45
1068,Lithuania,2005,28.0,45
1069,Lithuania,2006,28.8,45
1070,Lithuania,2007,27.8,45
1071,Lithuania,2008,26.6,45
1072,Lithuania,2009,25.4,45
1073,Lithuania,2010,25.7,45
1074,Lithuania,2011,27.7,45
1075,Lithuania,2012,28.8,45
1076,Lithuania,2013,29.5,45
1077,Lithuania,2014,29.0,45
1078,Luxembourg,1960,3.2,55
1079,Luxembourg,1961,3.4,55
1080,Luxembourg,1962,3.1,55
1081,Luxembourg,1963,3.1,55
1082,Luxembourg,1964,3.2,55
1083,Luxembourg,1965,3.7,55
1084,Luxembourg,1966,3.2,55
1085,Luxembourg,1967,3.5,55
1086,Luxembourg,1968,3.2,55
1087,Luxembourg,1969,3.0,55
1088,Luxembourg,1970,4.0,55
1089,Luxembourg,1971,3.9,55
1090,Luxembourg,1972,4.2,55
1091,Luxembourg,1973,4.1,55
1092,Luxembourg,1974,4.4,55
1093,Luxembourg,1975,4.2,55
1094,Luxembourg,1976,4.6,55
1095,Luxembourg,1977,4.6,55
1096,Luxembourg,1978,4.2,55
1097,Luxembourg,1979,5.6,55
1098,Luxembourg,1980,6.0,55
1099,Luxembourg,1981,7.1,55
1100,Luxembourg,1982,6.2,55
1101,Luxembourg,1983,8.1,55
1102,Luxembourg,1984,8.2,55
1103,Luxembourg,1985,8.7,55
1104,Luxembourg,1986,10.2,55
1105,Luxembourg,1987,11.0,55
1106,Luxembourg,1988,12.1,55
1107,Luxembourg,1989,11.6,55
1108,Luxembourg,1990,12.8,55
1109,Luxembourg,1991,12.2,55
1110,Luxembourg,1992,12.7,55
1111,Luxembourg,1993,12.9,55
1112,Luxembourg,1994,12.7,55
1113,Luxembourg,1995,13.1,55
1114,Luxembourg,1996,15.0,55
1115,Luxembourg,1997,16.8,55
1116,Luxembourg,1998,17.5,55
1117,Luxembourg,1999,18.6,55
1118,Luxembourg,2000,21.9,55
1119,Luxembourg,2001,22.3,55
1120,Luxembourg,2002,23.2,55
1121,Luxembourg,2003,25.0,55
1122,Luxembourg,2004,26.1,55
1123,Luxembourg,2005,27.2,55
1124,Luxembourg,2006,28.8,55
1125,Luxembourg,2007,29.2,55
1126,Luxembourg,2008,30.2,55
1127,Luxembourg,2009,32.1,55
1128,Luxembourg,2010,34.0,55
1129,Luxembourg,2011,34.1,55
1130,Luxembourg,2012,37.1,55
1131,Luxembourg,2013,37.8,55
1132,Luxembourg,2014,39.1,55
1133,Malta,1960,0.7,55
1134,Malta,1961,0.7,55
1135,Malta,1962,0.9,55
1136,Malta,1963,1.0,55
1137,Malta,1964,1.2,55
1138,Malta,1965,1.0,55
1139,Malta,1966,1.1,55
1140,Malta,1967,1.3,55
1141,Malta,1968,1.6,55
1142,Malta,1969,1.4,55
1143,Malta,1970,1.5,55
1144,Malta,1971,1.1,55
1145,Malta,1972,1.3,55
1146,Malta,1973,1.2,55
1147,Malta,1974,1.1,55
1148,Malta,1975,1.2,55
1149,Malta,1976,1.1,55
1150,Malta,1977,1.0,55
1151,Malta,1978,1.0,55
1152,Malta,1979,0.9,55
1153,Malta,1980,1.1,55
1154,Malta,1981,0.9,55
1155,Malta,1982,0.9,55
1156,Malta,1983,0.7,55
1157,Malta,1984,0.7,55
1158,Malta,1985,1.2,55
1159,Malta,1986,1.5,55
1160,Malta,1987,1.2,55
1161,Malta,1988,1.7,55
1162,Malta,1989,1.7,55
1163,Malta,1990,1.8,55
1164,Malta,1991,2.0,55
1165,Malta,1992,2.3,55
1166,Malta,1993,2.2,55
1167,Malta,1994,2.9,55
1168,Malta,1995,4.6,55
1169,Malta,1996,2.7,55
1170,Malta,1997,5.8,55
1171,Malta,1998,7.6,55
1172,Malta,1999,9.6,55
1173,Malta,2000,10.6,55
1174,Malta,2001,13.2,55
1175,Malta,2002,14.3,55
1176,Malta,2003,16.3,55
1177,Malta,2004,19.1,55
1178,Malta,2005,20.0,55
1179,Malta,2006,22.4,55
1180,Malta,2007,24.9,55
1181,Malta,2008,25.4,55
1182,Malta,2009,27.4,55
1183,Malta,2010,25.3,55
1184,Malta,2011,23.0,55
1185,Malta,2012,25.7,55
1186,Malta,2013,25.9,55
1187,Malta,2014,25.9,55
1188,Mexico,1985,28.7,30
1189,Mexico,1986,29.5,30
1190,Mexico,1987,32.0,30
1191,Mexico,1988,31.0,30
1192,Mexico,1989,31.8,30
1193,Mexico,1990,33.2,30
1194,Mexico,1991,35.2,30
1195,Mexico,1992,36.1,30
1196,Mexico,1993,37.8,30
1197,Mexico,1994,37.8,30
1198,Mexico,1995,37.1,30
1199,Mexico,1996,38.1,30
1200,Mexico,1997,39.3,30
1201,Mexico,1998,40.0,30
1202,Mexico,1999,41.0,30
1203,Mexico,2000,41.6,30
1204,Mexico,2001,44.0,30
1205,Mexico,2002,45.7,30
1206,Mexico,2003,46.3,30
1207,Mexico,2004,48.2,30
1208,Mexico,2005,50.1,30
1209,Mexico,2006,50.7,30
1210,Mexico,2007,53.4,30
1211,Mexico,2008,55.4,30
1212,Mexico,2009,58.3,30
1213,Mexico,2010,59.4,30
1214,Mexico,2011,60.7,30
1215,Mexico,2012,62.3,30
1216,Mexico,2013,63.7,30
1217,Mexico,2014,64.9,30
1218,Netherlands,1960,1.4,55
1219,Netherlands,1961,1.4,55
1220,Netherlands,1962,1.5,55
1221,Netherlands,1963,1.6,55
1222,Netherlands,1964,1.7,55
1223,Netherlands,1965,1.8,55
1224,Netherlands,1966,2.0,55
1225,Netherlands,1967,2.1,55
1226,Netherlands,1968,2.0,55
1227,Netherlands,1969,2.2,55
1228,Netherlands,1970,2.1,55
1229,Netherlands,1971,2.0,55
1230,Netherlands,1972,1.9,55
1231,Netherlands,1973,1.9,55
1232,Netherlands,1974,2.0,55
1233,Netherlands,1975,2.1,55
1234,Netherlands,1976,2.5,55
1235,Netherlands,1977,2.7,55
1236,Netherlands,1978,3.1,55
1237,Netherlands,1979,3.4,55
1238,Netherlands,1980,4.1,55
1239,Netherlands,1981,4.8,55
1240,Netherlands,1982,5.9,55
1241,Netherlands,1983,7.0,55
1242,Netherlands,1984,7.7,55
1243,Netherlands,1985,8.3,55
1244,Netherlands,1986,8.8,55
1245,Netherlands,1987,9.3,55
1246,Netherlands,1988,10.2,55
1247,Netherlands,1989,10.7,55
1248,Netherlands,1990,11.4,55
1249,Netherlands,1991,12.0,55
1250,Netherlands,1992,12.4,55
1251,Netherlands,1993,13.1,55
1252,Netherlands,1994,14.3,55
1253,Netherlands,1995,15.5,55
1254,Netherlands,1996,17.0,55
1255,Netherlands,1997,19.2,55
1256,Netherlands,1998,20.8,55
1257,Netherlands,1999,22.7,55
1258,Netherlands,2000,24.9,55
1259,Netherlands,2001,27.2,55
1260,Netherlands,2002,29.1,55
1261,Netherlands,2003,30.7,55
1262,Netherlands,2004,32.5,55
1263,Netherlands,2005,34.9,55
1264,Netherlands,2006,37.1,55
1265,Netherlands,2007,39.5,55
1266,Netherlands,2008,41.2,55
1267,Netherlands,2009,43.3,55
1268,Netherlands,2010,44.3,55
1269,Netherlands,2011,45.3,55
1270,Netherlands,2012,46.6,55
1271,Netherlands,2013,47.4,55
1272,Netherlands,2014,48.7,55
1273,New Zealand,1960,4.6,55
1274,New Zealand,1961,5.1,55
1275,New Zealand,1962,8.0,55
1276,New Zealand,1963,8.8,55
1277,New Zealand,1964,9.9,55
1278,New Zealand,1965,10.9,55
1279,New Zealand,1966,11.6,55
1280,New Zealand,1967,12.7,55
1281,New Zealand,1968,13.0,55
1282,New Zealand,1969,13.0,55
1283,New Zealand,1970,13.3,55
1284,New Zealand,1971,13.9,55
1285,New Zealand,1972,14.9,55
1286,New Zealand,1973,15.2,55
1287,New Zealand,1974,15.8,55
1288,New Zealand,1975,16.6,55
1289,New Zealand,1976,17.4,55
1290,New Zealand,1977,18.9,55
1291,New Zealand,1978,20.1,55
1292,New Zealand,1979,20.9,55
1293,New Zealand,1980,21.5,55
1294,New Zealand,1981,22.5,55
1295,New Zealand,1982,22.8,55
1296,New Zealand,1983,23.7,55
1297,New Zealand,1984,24.3,55
1298,New Zealand,1985,24.9,55
1299,New Zealand,1986,27.0,55
1300,New Zealand,1987,28.6,55
1301,New Zealand,1988,30.6,55
1302,New Zealand,1989,33.1,55
1303,New Zealand,1990,34.0,55
1304,New Zealand,1991,35.7,55
1305,New Zealand,1992,36.7,55
1306,New Zealand,1993,38.0,55
1307,New Zealand,1994,38.7,55
1308,New Zealand,1995,40.7,55
1309,New Zealand,1996,41.7,55
1310,New Zealand,1997,41.8,55
1311,New Zealand,1998,42.5,55
1312,New Zealand,1999,42.8,55
1313,New Zealand,2000,43.2,55
1314,New Zealand,2001,43.7,55
1315,New Zealand,2002,43.6,55
1316,New Zealand,2003,44.0,55
1317,New Zealand,2004,44.8,55
1318,New Zealand,2005,45.2,55
1319,New Zealand,2006,47.2,55
1320,New Zealand,2007,47.2,55
1321,New Zealand,2008,48.2,55
1322,New Zealand,2009,48.6,55
1323,New Zealand,2010,48.9,55
1324,New Zealand,2011,47.6,55
1325,New Zealand,2012,47.7,55
1326,New Zealand,2013,47.3,55
1327,New Zealand,2014,46.7,55
1328,Norway,1960,3.7,54
1329,Norway,1961,3.7,54
1330,Norway,1962,3.8,54
1331,Norway,1963,3.9,54
1332,Norway,1964,4.2,54
1333,Norway,1965,4.6,54
1334,Norway,1966,4.9,54
1335,Norway,1967,5.1,54
1336,Norway,1968,5.6,54
1337,Norway,1969,6.1,54
1338,Norway,1970,6.9,54
1339,Norway,1971,7.9,54
1340,Norway,1972,8.7,54
1341,Norway,1973,9.1,54
1342,Norway,1974,9.3,54
1343,Norway,1975,10.3,54
1344,Norway,1976,10.9,54
1345,Norway,1977,11.6,54
1346,Norway,1978,11.9,54
1347,Norway,1979,13.0,54
1348,Norway,1980,14.5,54
1349,Norway,1981,16.1,54
1350,Norway,1982,17.6,54
1351,Norway,1983,19.3,54
1352,Norway,1984,21.3,54
1353,Norway,1985,25.8,54
1354,Norway,1986,27.9,54
1355,Norway,1987,30.9,54
1356,Norway,1988,33.7,54
1357,Norway,1989,36.4,54
1358,Norway,1990,38.6,54
1359,Norway,1991,40.9,54
1360,Norway,1992,42.9,54
1361,Norway,1993,44.4,54
1362,Norway,1994,45.9,54
1363,Norway,1995,47.6,54
1364,Norway,1996,48.3,54
1365,Norway,1997,48.7,54
1366,Norway,1998,49.0,54
1367,Norway,1999,49.1,54
1368,Norway,2000,49.6,54
1369,Norway,2001,49.7,54
1370,Norway,2002,50.3,54
1371,Norway,2003,50.0,54
1372,Norway,2004,51.4,54
1373,Norway,2005,51.8,54
1374,Norway,2006,53.0,54
1375,Norway,2007,54.5,54
1376,Norway,2008,55.0,54
1377,Norway,2009,55.1,54
1378,Norway,2010,54.8,54
1379,Norway,2011,55.0,54
1380,Norway,2012,54.9,54
1381,Norway,2013,55.2,54
1382,Poland,1970,5.0,29
1383,Poland,1975,4.7,29
1384,Poland,1980,4.8,29
1385,Poland,1985,5.0,29
1386,Poland,1990,6.2,29
1387,Poland,1991,6.6,29
1388,Poland,1992,7.2,29
1389,Poland,1993,8.2,29
1390,Poland,1994,9.0,29
1391,Poland,1995,9.5,29
1392,Poland,1996,10.2,29
1393,Poland,1997,11.0,29
1394,Poland,1998,11.6,29
1395,Poland,1999,11.7,29
1396,Poland,2000,12.1,29
1397,Poland,2001,13.1,29
1398,Poland,2002,14.4,29
1399,Poland,2003,15.8,29
1400,Poland,2004,17.1,29
1401,Poland,2005,18.5,29
1402,Poland,2006,18.9,29
1403,Poland,2007,19.5,29
1404,Poland,2008,19.9,29
1405,Poland,2009,20.2,29
1406,Poland,2010,20.6,29
1407,Poland,2011,21.2,29
1408,Poland,2012,22.3,29
1409,Poland,2013,23.4,29
1410,Poland,2014,24.2,29
1411,Portugal,1960,9.5,55
1412,Portugal,1961,8.8,55
1413,Portugal,1962,8.5,55
1414,Portugal,1963,8.2,55
1415,Portugal,1964,8.0,55
1416,Portugal,1965,7.8,55
1417,Portugal,1966,7.5,55
1418,Portugal,1967,7.5,55
1419,Portugal,1968,7.4,55
1420,Portugal,1969,7.3,55
1421,Portugal,1970,7.3,55
1422,Portugal,1971,7.2,55
1423,Portugal,1972,7.1,55
1424,Portugal,1973,7.2,55
1425,Portugal,1974,7.2,55
1426,Portugal,1975,7.2,55
1427,Portugal,1976,7.3,55
1428,Portugal,1977,7.2,55
1429,Portugal,1978,7.7,55
1430,Portugal,1979,8.2,55
1431,Portugal,1980,9.2,55
1432,Portugal,1981,9.5,55
1433,Portugal,1982,10.0,55
1434,Portugal,1983,10.7,55
1435,Portugal,1984,11.5,55
1436,Portugal,1985,12.3,55
1437,Portugal,1986,12.8,55
1438,Portugal,1987,13.2,55
1439,Portugal,1988,13.7,55
1440,Portugal,1989,14.5,55
1441,Portugal,1990,14.7,55
1442,Portugal,1991,15.6,55
1443,Portugal,1992,16.1,55
1444,Portugal,1993,16.9,55
1445,Portugal,1994,17.8,55
1446,Portugal,1995,18.6,55
1447,Portugal,1996,18.6,55
1448,Portugal,1997,19.5,55
1449,Portugal,1998,20.1,55
1450,Portugal,1999,20.8,55
1451,Portugal,2000,22.2,55
1452,Portugal,2001,23.8,55
1453,Portugal,2002,25.5,55
1454,Portugal,2003,26.9,55
1455,Portugal,2004,29.1,55
1456,Portugal,2005,30.7,55
1457,Portugal,2006,31.6,55
1458,Portugal,2007,33.6,55
1459,Portugal,2008,36.2,55
1460,Portugal,2009,38.1,55
1461,Portugal,2010,41.3,55
1462,Portugal,2011,42.8,55
1463,Portugal,2012,45.6,55
1464,Portugal,2013,47.6,55
1465,Portugal,2014,49.3,55
1466,Romania,1993,17.0,22
1467,Romania,1994,18.3,22
1468,Romania,1995,19.7,22
1469,Romania,1996,20.7,22
1470,Romania,1997,22.2,22
1471,Romania,1998,23.0,22
1472,Romania,1999,24.1,22
1473,Romania,2000,25.5,22
1474,Romania,2001,26.7,22
1475,Romania,2002,26.7,22
1476,Romania,2003,28.2,22
1477,Romania,2004,29.4,22
1478,Romania,2005,28.5,22
1479,Romania,2006,29.0,22
1480,Romania,2007,26.7,22
1481,Romania,2008,27.4,22
1482,Romania,2009,28.0,22
1483,Romania,2010,27.7,22
1484,Romania,2011,30.0,22
1485,Romania,2012,31.0,22
1486,Romania,2013,30.5,22
1487,Romania,2014,31.2,22
1488,Slovakia,1960,4.7,55
1489,Slovakia,1961,4.4,55
1490,Slovakia,1962,4.6,55
1491,Slovakia,1963,4.7,55
1492,Slovakia,1964,5.0,55
1493,Slovakia,1965,5.3,55
1494,Slovakia,1966,5.3,55
1495,Slovakia,1967,5.7,55
1496,Slovakia,1968,5.9,55
1497,Slovakia,1969,6.1,55
1498,Slovakia,1970,6.2,55
1499,Slovakia,1971,6.0,55
1500,Slovakia,1972,5.7,55
1501,Slovakia,1973,5.1,55
1502,Slovakia,1974,5.3,55
1503,Slovakia,1975,5.2,55
1504,Slovakia,1976,5.1,55
1505,Slovakia,1977,5.2,55
1506,Slovakia,1978,5.2,55
1507,Slovakia,1979,5.4,55
1508,Slovakia,1980,5.7,55
1509,Slovakia,1981,5.7,55
1510,Slovakia,1982,5.9,55
1511,Slovakia,1983,6.0,55
1512,Slovakia,1984,6.2,55
1513,Slovakia,1985,6.6,55
1514,Slovakia,1986,6.8,55
1515,Slovakia,1987,7.1,55
1516,Slovakia,1988,6.8,55
1517,Slovakia,1989,7.2,55
1518,Slovakia,1990,7.6,55
1519,Slovakia,1991,8.9,55
1520,Slovakia,1992,9.8,55
1521,Slovakia,1993,10.6,55
1522,Slovakia,1994,11.7,55
1523,Slovakia,1995,12.6,55
1524,Slovakia,1996,14.0,55
1525,Slovakia,1997,15.1,55
1526,Slovakia,1998,15.3,55
1527,Slovakia,1999,16.9,55
1528,Slovakia,2000,18.3,55
1529,Slovakia,2001,19.8,55
1530,Slovakia,2002,21.6,55
1531,Slovakia,2003,23.3,55
1532,Slovakia,2004,24.8,55
1533,Slovakia,2005,26.0,55
1534,Slovakia,2006,27.5,55
1535,Slovakia,2007,28.8,55
1536,Slovakia,2008,30.1,55
1537,Slovakia,2009,31.6,55
1538,Slovakia,2010,33.0,55
1539,Slovakia,2011,34.0,55
1540,Slovakia,2012,35.4,55
1541,Slovakia,2013,37.0,55
1542,Slovakia,2014,38.9,55
1543,Slovenia,1960,9.1,55
1544,Slovenia,1961,10.0,55
1545,Slovenia,1962,10.1,55
1546,Slovenia,1963,9.8,55
1547,Slovenia,1964,9.2,55
1548,Slovenia,1965,9.2,55
1549,Slovenia,1966,8.7,55
1550,Slovenia,1967,8.7,55
1551,Slovenia,1968,8.8,55
1552,Slovenia,1969,8.4,55
1553,Slovenia,1970,8.5,55
1554,Slovenia,1971,8.7,55
1555,Slovenia,1972,9.7,55
1556,Slovenia,1973,9.8,55
1557,Slovenia,1974,9.9,55
1558,Slovenia,1975,9.9,55
1559,Slovenia,1976,10.5,55
1560,Slovenia,1977,10.6,55
1561,Slovenia,1978,11.0,55
1562,Slovenia,1979,11.8,55
1563,Slovenia,1980,13.1,55
1564,Slovenia,1981,14.1,55
1565,Slovenia,1982,15.2,55
1566,Slovenia,1983,16.9,55
1567,Slovenia,1984,18.2,55
1568,Slovenia,1985,19.1,55
1569,Slovenia,1986,19.7,55
1570,Slovenia,1987,21.8,55
1571,Slovenia,1988,22.6,55
1572,Slovenia,1989,23.2,55
1573,Slovenia,1990,24.5,55
1574,Slovenia,1991,26.4,55
1575,Slovenia,1992,27.7,55
1576,Slovenia,1993,28.0,55
1577,Slovenia,1994,28.8,55
1578,Slovenia,1995,29.8,55
1579,Slovenia,1996,31.9,55
1580,Slovenia,1997,32.7,55
1581,Slovenia,1998,33.6,55
1582,Slovenia,1999,35.4,55
1583,Slovenia,2000,37.1,55
1584,Slovenia,2001,39.4,55
1585,Slovenia,2002,40.2,55
1586,Slovenia,2003,42.5,55
1587,Slovenia,2004,44.8,55
1588,Slovenia,2005,46.7,55
1589,Slovenia,2006,47.2,55
1590,Slovenia,2007,50.8,55
1591,Slovenia,2008,52.8,55
1592,Slovenia,2009,53.6,55
1593,Slovenia,2010,55.7,55
1594,Slovenia,2011,56.8,55
1595,Slovenia,2012,57.6,55
1596,Slovenia,2013,58.0,55
1597,Slovenia,2014,58.3,55
1598,Spain,1960,2.3,55
1599,Spain,1961,2.2,55
1600,Spain,1962,2.1,55
1601,Spain,1963,1.9,55
1602,Spain,1964,1.8,55
1603,Spain,1965,1.7,55
1604,Spain,1966,1.6,55
1605,Spain,1967,1.5,55
1606,Spain,1968,1.4,55
1607,Spain,1969,1.4,55
1608,Spain,1970,1.4,55
1609,Spain,1971,1.3,55
1610,Spain,1972,1.4,55
1611,Spain,1973,1.6,55
1612,Spain,1974,1.5,55
1613,Spain,1975,2.0,55
1614,Spain,1976,2.2,55
1615,Spain,1977,2.3,55
1616,Spain,1978,2.5,55
1617,Spain,1979,2.8,55
1618,Spain,1980,3.9,55
1619,Spain,1981,4.4,55
1620,Spain,1982,5.1,55
1621,Spain,1983,5.2,55
1622,Spain,1984,6.8,55
1623,Spain,1985,8.0,55
1624,Spain,1986,8.0,55
1625,Spain,1987,8.3,55
1626,Spain,1988,9.1,55
1627,Spain,1989,9.4,55
1628,Spain,1990,9.6,55
1629,Spain,1991,10.0,55
1630,Spain,1992,10.5,55
1631,Spain,1993,10.8,55
1632,Spain,1994,10.8,55
1633,Spain,1995,11.1,55
1634,Spain,1996,11.7,55
1635,Spain,1997,13.1,55
1636,Spain,1998,14.5,55
1637,Spain,1999,16.3,55
1638,Spain,2000,17.7,55
1639,Spain,2001,19.7,55
1640,Spain,2002,21.7,55
1641,Spain,2003,23.4,55
1642,Spain,2004,25.1,55
1643,Spain,2005,26.5,55
1644,Spain,2006,28.4,55
1645,Spain,2007,30.2,55
1646,Spain,2008,33.2,55
1647,Spain,2009,34.5,55
1648,Spain,2010,35.5,55
1649,Spain,2011,37.4,55
1650,Spain,2012,39.0,55
1651,Spain,2013,40.9,55
1652,Spain,2014,42.5,55
1653,Sweden,1960,11.3,55
1654,Sweden,1961,11.7,55
1655,Sweden,1962,12.4,55
1656,Sweden,1963,12.6,55
1657,Sweden,1964,13.1,55
1658,Sweden,1965,13.8,55
1659,Sweden,1966,14.5,55
1660,Sweden,1967,15.1,55
1661,Sweden,1968,16.0,55
1662,Sweden,1969,16.4,55
1663,Sweden,1970,18.6,55
1664,Sweden,1971,21.9,55
1665,Sweden,1972,25.4,55
1666,Sweden,1973,28.6,55
1667,Sweden,1974,31.7,55
1668,Sweden,1975,32.8,55
1669,Sweden,1976,33.5,55
1670,Sweden,1977,34.7,55
1671,Sweden,1978,35.9,55
1672,Sweden,1979,37.5,55
1673,Sweden,1980,39.7,55
1674,Sweden,1981,41.2,55
1675,Sweden,1982,42.0,55
1676,Sweden,1983,43.6,55
1677,Sweden,1984,44.6,55
1678,Sweden,1985,46.4,55
1679,Sweden,1986,48.4,55
1680,Sweden,1987,49.9,55
1681,Sweden,1988,50.9,55
1682,Sweden,1989,51.8,55
1683,Sweden,1990,47.0,55
1684,Sweden,1991,48.2,55
1685,Sweden,1992,49.5,55
1686,Sweden,1993,50.4,55
1687,Sweden,1994,51.6,55
1688,Sweden,1995,53.0,55
1689,Sweden,1996,53.9,55
1690,Sweden,1997,54.1,55
1691,Sweden,1998,54.7,55
1692,Sweden,1999,55.3,55
1693,Sweden,2000,55.3,55
1694,Sweden,2001,55.5,55
1695,Sweden,2002,56.0,55
1696,Sweden,2003,56.0,55
1697,Sweden,2004,55.4,55
1698,Sweden,2005,55.4,55
1699,Sweden,2006,55.5,55
1700,Sweden,2007,54.8,55
1701,Sweden,2008,54.7,55
1702,Sweden,2009,54.4,55
1703,Sweden,2010,54.2,55
1704,Sweden,2011,54.3,55
1705,Sweden,2012,54.5,55
1706,Sweden,2013,54.4,55
1707,Sweden,2014,54.6,55
1708,Switzerland,1960,3.8,55
1709,Switzerland,1961,4.0,55
1710,Switzerland,1962,4.2,55
1711,Switzerland,1963,4.1,55
1712,Switzerland,1964,4.2,55
1713,Switzerland,1965,3.9,55
1714,Switzerland,1966,3.8,55
1715,Switzerland,1967,3.9,55
1716,Switzerland,1968,3.8,55
1717,Switzerland,1969,3.8,55
1718,Switzerland,1970,3.8,55
1719,Switzerland,1971,3.7,55
1720,Switzerland,1972,3.7,55
1721,Switzerland,1973,3.8,55
1722,Switzerland,1974,3.7,55
1723,Switzerland,1975,3.7,55
1724,Switzerland,1976,3.8,55
1725,Switzerland,1977,3.9,55
1726,Switzerland,1978,4.1,55
1727,Switzerland,1979,4.4,55
1728,Switzerland,1980,4.7,55
1729,Switzerland,1981,5.2,55
1730,Switzerland,1982,5.5,55
1731,Switzerland,1983,5.4,55
1732,Switzerland,1984,5.7,55
1733,Switzerland,1985,5.6,55
1734,Switzerland,1986,5.7,55
1735,Switzerland,1987,5.9,55
1736,Switzerland,1988,6.1,55
1737,Switzerland,1989,5.9,55
1738,Switzerland,1990,6.1,55
1739,Switzerland,1991,6.5,55
1740,Switzerland,1992,6.2,55
1741,Switzerland,1993,6.3,55
1742,Switzerland,1994,6.4,55
1743,Switzerland,1995,6.8,55
1744,Switzerland,1996,7.3,55
1745,Switzerland,1997,8.1,55
1746,Switzerland,1998,8.8,55
1747,Switzerland,1999,10.0,55
1748,Switzerland,2000,10.7,55
1749,Switzerland,2001,11.2,55
1750,Switzerland,2002,11.7,55
1751,Switzerland,2003,12.4,55
1752,Switzerland,2004,13.3,55
1753,Switzerland,2005,13.7,55
1754,Switzerland,2006,15.4,55
1755,Switzerland,2007,16.2,55
1756,Switzerland,2008,17.1,55
1757,Switzerland,2009,17.9,55
1758,Switzerland,2010,18.6,55
1759,Switzerland,2011,19.3,55
1760,Switzerland,2012,20.2,55
1761,Switzerland,2013,21.1,55
1762,Switzerland,2014,21.7,55
1763,Turkey,2010,2.6,5
1764,Turkey,2011,2.7,5
1765,Turkey,2012,2.6,5
1766,Turkey,2013,2.7,5
1767,Turkey,2014,2.8,5
1768,United Kingdom,1960,5.2,52
1769,United Kingdom,1961,5.7,52
1770,United Kingdom,1962,6.3,52
1771,United Kingdom,1963,6.6,52
1772,United Kingdom,1964,6.9,52
1773,United Kingdom,1965,7.3,52
1774,United Kingdom,1966,7.6,52
1775,United Kingdom,1967,8.1,52
1776,United Kingdom,1968,8.2,52
1777,United Kingdom,1969,8.1,52
1778,United Kingdom,1970,8.0,52
1779,United Kingdom,1971,8.2,52
1780,United Kingdom,1972,8.4,52
1781,United Kingdom,1973,8.4,52
1782,United Kingdom,1974,8.7,52
1783,United Kingdom,1975,9.0,52
1784,United Kingdom,1976,9.0,52
1785,United Kingdom,1977,9.5,52
1786,United Kingdom,1978,10.0,52
1787,United Kingdom,1979,10.6,52
1788,United Kingdom,1980,11.5,52
1789,United Kingdom,1982,14.1,52
1790,United Kingdom,1983,15.4,52
1791,United Kingdom,1984,17.0,52
1792,United Kingdom,1985,18.9,52
1793,United Kingdom,1986,21.0,52
1794,United Kingdom,1987,22.9,52
1795,United Kingdom,1988,25.2,52
1796,United Kingdom,1989,26.6,52
1797,United Kingdom,1990,27.9,52
1798,United Kingdom,1991,29.8,52
1799,United Kingdom,1992,30.8,52
1800,United Kingdom,1993,31.8,52
1801,United Kingdom,1994,32.0,52
1802,United Kingdom,1995,33.5,52
1803,United Kingdom,1996,35.5,52
1804,United Kingdom,1997,36.8,52
1805,United Kingdom,1998,37.6,52
1806,United Kingdom,1999,38.8,52
1807,United Kingdom,2000,39.5,52
1808,United Kingdom,2001,40.1,52
1809,United Kingdom,2002,40.6,52
1810,United Kingdom,2003,41.5,52
1811,United Kingdom,2004,42.3,52
1812,United Kingdom,2005,42.9,52
1813,United Kingdom,2006,43.7,52
1814,United Kingdom,2007,44.4,52
1815,United Kingdom,2008,45.4,52
1816,United Kingdom,2009,46.3,52
1817,United Kingdom,2010,46.9,52
1818,United Kingdom,2011,47.3,52
1819,United Kingdom,2012,47.6,52
1820,United States,1960,5.3,55
1821,United States,1961,5.6,55
1822,United States,1962,5.9,55
1823,United States,1963,6.3,55
1824,United States,1964,6.9,55
1825,United States,1965,7.7,55
1826,United States,1966,8.4,55
1827,United States,1967,9.0,55
1828,United States,1968,9.7,55
1829,United States,1969,10.0,55
1830,United States,1970,10.7,55
1831,United States,1971,11.3,55
1832,United States,1972,12.4,55
1833,United States,1973,13.0,55
1834,United States,1974,13.2,55
1835,United States,1975,14.3,55
1836,United States,1976,14.8,55
1837,United States,1977,15.5,55
1838,United States,1978,16.3,55
1839,United States,1979,17.1,55
1840,United States,1980,18.4,55
1841,United States,1981,18.9,55
1842,United States,1982,19.4,55
1843,United States,1983,20.3,55
1844,United States,1984,21.0,55
1845,United States,1985,22.0,55
1846,United States,1986,23.4,55
1847,United States,1987,24.5,55
1848,United States,1988,25.7,55
1849,United States,1989,27.1,55
1850,United States,1990,28.0,55
1851,United States,1991,29.5,55
1852,United States,1992,30.1,55
1853,United States,1993,31.0,55
1854,United States,1994,32.6,55
1855,United States,1995,32.2,55
1856,United States,1996,32.4,55
1857,United States,1997,32.4,55
1858,United States,1998,32.8,55
1859,United States,1999,33.0,55
1860,United States,2000,33.2,55
1861,United States,2001,33.5,55
1862,United States,2002,34.0,55
1863,United States,2003,34.6,55
1864,United States,2004,35.8,55
1865,United States,2005,36.9,55
1866,United States,2006,38.5,55
1867,United States,2007,39.7,55
1868,United States,2008,40.6,55
1869,United States,2009,41.0,55
1870,United States,2010,40.8,55
1871,United States,2011,40.7,55
1872,United States,2012,40.7,55
1873,United States,2013,40.6,55
1874,United States,2014,40.2,55
